TransactionID,Item
T0001,Mousepad
T0001,Laptop
T0001,Butter
T0001,Mouse
T0001,Bread
T0002,Beer
T0002,Diapers
T0002,Garlic
T0003,Mousepad
T0003,Laptop
T0003,Bananas
T0003,Mouse
T0003,Soda
T0003,Beer
T0003,Diapers
T0004,Oranges
T0005,Diapers
T0006,Tea
T0007,Milk
T0007,Sugar
T0007,Cheese
T0007,Coffee
T0008,Mousepad
T0009,Keyboard
T0009,Beer
T0009,Coffee
T0010,Mousepad
T0010,Olive Oil
T0010,Laptop
T0010,Mouse
T0010,Milk
T0010,Pasta
T0010,Garlic
T0011,Mousepad
T0011,Laptop
T0011,Butter
T0011,Olive Oil
T0011,Milk
T0011,Bread
T0011,Mouse
T0011,Pasta
T0011,Beer
T0011,Garlic
T0011,Coffee
T0011,Diapers
T0012,Apples
T0012,Garlic
T0012,Pasta
T0012,Olive Oil
T0013,Headphones
T0014,Coffee
T0014,Eggs
T0015,Mousepad
T0015,Laptop
T0015,Butter
T0015,Mouse
T0015,Milk
T0015,Bread
T0015,Oranges
T0016,Sugar
T0016,Olive Oil
T0016,Bananas
T0016,Pasta
T0016,Beer
T0016,Garlic
T0016,Coffee
T0016,Diapers
T0017,Sugar
T0017,Bread
T0017,Cookies
T0017,Beer
T0017,Coffee
T0017,Napkins
T0017,Diapers
T0018,Cereal
T0018,Butter
T0018,Milk
T0018,Bread
T0018,Diapers
T0019,Sugar
T0019,Olive Oil
T0019,Keyboard
T0019,Coffee
T0019,Apples
T0020,Cookies
T0020,Mousepad
T0020,Salsa
T0021,Mousepad
T0021,Sugar
T0021,Laptop
T0021,Olive Oil
T0021,Mouse
T0021,Soda
T0021,Pasta
T0021,Garlic
T0021,Beer
T0021,Coffee
T0021,Diapers
T0022,Sugar
T0022,Butter
T0022,Milk
T0022,Bread
T0022,Coffee
T0023,Milk
T0024,Tomato Sauce
T0024,Oranges
T0024,Sugar
T0024,Coffee
T0025,Mousepad
T0025,Olive Oil
T0025,Laptop
T0025,Headphones
T0025,Mouse
T0025,Bread
T0025,Yogurt
T0025,Pasta
T0025,Garlic
T0026,Coffee
T0026,Beer
T0026,Diapers
T0026,Garlic
T0027,Sugar
T0027,Olive Oil
T0027,Pasta
T0027,Garlic
T0027,Coffee
T0028,Bananas
T0028,Mouse
T0028,Mousepad
T0028,Laptop
T0029,Cereal
T0029,Sugar
T0029,Headphones
T0029,Coffee
T0029,Paper Towels
T0030,Mousepad
T0030,Laptop
T0030,Butter
T0030,Bananas
T0030,Mouse
T0030,Milk
T0030,Bread
T0030,Soda
T0030,Napkins
T0031,Mousepad
T0031,Laptop
T0031,Olive Oil
T0031,Mouse
T0031,Pasta
T0031,Beer
T0031,Garlic
T0031,Keyboard
T0031,Diapers
T0032,Mousepad
T0032,Laptop
T0032,Butter
T0032,Olive Oil
T0032,Mouse
T0032,Milk
T0032,Bread
T0032,Pasta
T0032,Garlic
T0032,Coffee
T0033,Mouse
T0033,Sugar
T0033,Coffee
T0034,Cereal
T0034,Oranges
T0035,Apples
T0036,Mousepad
T0036,Laptop
T0036,Butter
T0036,Mouse
T0036,Milk
T0036,Bread
T0037,Mousepad
T0037,Sugar
T0037,Laptop
T0037,Mouse
T0037,Coffee
T0038,Garlic
T0038,Coffee
T0039,Oranges
T0039,Garlic
T0039,Pasta
T0039,Olive Oil
T0040,Cheese
T0041,Mousepad
T0041,Sugar
T0041,Laptop
T0041,Mouse
T0041,Coffee
T0042,Olive Oil
T0042,Pasta
T0042,Garlic
T0042,Napkins
T0042,Diapers
T0043,Olive Oil
T0043,Milk
T0043,Tomato Sauce
T0043,Pasta
T0043,Cookies
T0043,Garlic
T0044,Mousepad
T0044,Laptop
T0044,Bananas
T0044,Mouse
T0044,Pasta
T0044,Cookies
T0045,Olive Oil
T0046,Mousepad
T0046,Olive Oil
T0046,Butter
T0046,Milk
T0046,Bread
T0046,Pasta
T0046,Garlic
T0046,Coffee
T0047,Tea
T0048,Beer
T0048,Diapers
T0049,Mousepad
T0049,Laptop
T0049,Mouse
T0049,Cookies
T0049,Garlic
T0049,Diapers
T0050,Coffee
T0050,Sugar
T0050,Diapers
T0050,Bread
T0051,Cookies
T0051,Pasta
T0052,Sugar
T0052,Coffee
T0053,Paper Towels
T0053,Mouse
T0053,Laptop
T0053,Bread
T0054,Butter
T0054,Milk
T0054,Bread
T0054,Coffee
T0054,Apples
T0055,Chips
T0055,Bread
T0055,Butter
T0056,Olive Oil
T0057,Headphones
T0058,Mousepad
T0058,Sugar
T0058,Laptop
T0058,Mouse
T0058,Coffee
T0059,Mousepad
T0059,Laptop
T0059,Butter
T0059,Olive Oil
T0059,Headphones
T0059,Mouse
T0059,Bread
T0059,Pasta
T0059,Garlic
T0060,Mouse
T0060,Laptop
T0060,Eggs
T0061,Beer
T0061,Pasta
T0061,Olive Oil
T0062,Mousepad
T0062,Laptop
T0062,Tea
T0062,Mouse
T0062,Bread
T0062,Soda
T0062,Beer
T0062,Diapers
T0063,Mouse
T0063,Cheese
T0064,Butter
T0064,Chips
T0064,Milk
T0064,Bread
T0064,Diapers
T0065,Sugar
T0065,Coffee
T0066,Butter
T0066,Milk
T0066,Bread
T0066,Beer
T0066,Coffee
T0066,Paper Towels
T0066,Diapers
T0067,Cheese
T0067,Diapers
T0068,Olive Oil
T0068,Bananas
T0068,Pasta
T0068,Beer
T0068,Garlic
T0069,Coffee
T0069,Sugar
T0069,Diapers
T0070,Diapers
T0071,Mousepad
T0071,Olive Oil
T0071,Laptop
T0071,Mouse
T0071,Pasta
T0071,Salsa
T0071,Garlic
T0071,Keyboard
T0072,Mousepad
T0072,Laptop
T0072,Mouse
T0072,Tomato Sauce
T0072,Cookies
T0073,Butter
T0074,Mousepad
T0074,Olive Oil
T0074,Laptop
T0074,Mouse
T0074,Pasta
T0074,Garlic
T0075,Beer
T0075,Diapers
T0076,Beer
T0076,Soda
T0077,Coffee
T0078,Olive Oil
T0078,Pasta
T0078,Beer
T0078,Garlic
T0078,Diapers
T0079,Cookies
T0079,Sugar
T0079,Coffee
T0079,Tea
T0080,Tomato Sauce
T0081,Mousepad
T0081,Sugar
T0081,Laptop
T0081,Mouse
T0081,Napkins
T0081,Coffee
T0082,Oranges
T0083,Mousepad
T0083,Laptop
T0083,Butter
T0083,Eggs
T0083,Mouse
T0083,Milk
T0083,Bread
T0083,Beer
T0084,Apples
T0085,Keyboard
T0085,Mouse
T0085,Tomato Sauce
T0086,Cereal
T0086,Bread
T0086,Olive Oil
T0086,Butter
T0087,Sugar
T0087,Butter
T0087,Milk
T0087,Bread
T0087,Beer
T0087,Coffee
T0087,Diapers
T0088,Milk
T0088,Napkins
T0088,Keyboard
T0089,Milk
T0089,Bread
T0089,Butter
T0090,Sugar
T0090,Olive Oil
T0090,Eggs
T0090,Milk
T0090,Coffee
T0091,Butter
T0091,Milk
T0091,Bread
T0091,Beer
T0091,Diapers
T0092,Bread
T0092,Tomato Sauce
T0092,Pasta
T0092,Olive Oil
T0093,Chips
T0093,Diapers
T0094,Sugar
T0094,Butter
T0094,Milk
T0094,Bread
T0094,Beer
T0094,Diapers
T0095,Cereal
T0096,Garlic
T0096,Coffee
T0096,Pasta
T0096,Olive Oil
T0097,Butter
T0097,Milk
T0097,Bread
T0097,Cookies
T0097,Coffee
T0097,Apples
T0097,Diapers
T0098,Chips
T0098,Sugar
T0098,Coffee
T0098,Garlic
T0099,Mousepad
T0099,Laptop
T0099,Mouse
T0099,Oranges
T0099,Coffee
T0100,Cereal
T0100,Mousepad
T0100,Coffee
T0101,Sugar
T0101,Coffee
T0102,Sugar
T0102,Mouse
T0102,Milk
T0102,Coffee
T0102,Apples
T0103,Tomato Sauce
T0103,Sugar
T0103,Coffee
T0104,Mousepad
T0104,Laptop
T0104,Mouse
T0104,Beer
T0104,Diapers
T0105,Garlic
T0105,Pasta
T0105,Olive Oil
T0106,Cookies
T0107,Milk
T0107,Bread
T0107,Butter
T0108,Milk
T0108,Bread
T0108,Laptop
T0108,Butter
T0109,Butter
T0109,Eggs
T0110,Sugar
T0110,Olive Oil
T0110,Butter
T0110,Milk
T0110,Bread
T0110,Pasta
T0110,Beer
T0110,Garlic
T0110,Coffee
T0110,Diapers
T0111,Mousepad
T0111,Olive Oil
T0111,Laptop
T0111,Mouse
T0111,Pasta
T0111,Garlic
T0111,Paper Towels
T0112,Milk
T0112,Bread
T0112,Butter
T0113,Laptop
T0113,Beer
T0113,Diapers
T0113,Salsa
T0114,Mousepad
T0114,Laptop
T0114,Mouse
T0114,Salsa
T0114,Pasta
T0114,Diapers
T0115,Butter
T0115,Milk
T0115,Bread
T0115,Beer
T0115,Diapers
T0116,Coffee
T0117,Mousepad
T0117,Laptop
T0117,Mouse
T0117,Yogurt
T0117,Beer
T0117,Apples
T0117,Diapers
T0118,Beer
T0118,Diapers
T0118,Sugar
T0118,Eggs
T0119,Olive Oil
T0119,Laptop
T0119,Mouse
T0119,Bread
T0119,Pasta
T0119,Garlic
T0119,Beer
T0120,Sugar
T0120,Butter
T0120,Milk
T0120,Bread
T0120,Salsa
T0120,Coffee
T0121,Bread
T0121,Diapers
T0121,Tea
T0122,Tomato Sauce
T0122,Beer
T0122,Diapers
T0122,Eggs
T0123,Sugar
T0123,Mousepad
T0123,Laptop
T0123,Butter
T0123,Eggs
T0123,Milk
T0123,Bread
T0123,Mouse
T0123,Coffee
T0123,Apples
T0124,Mousepad
T0124,Laptop
T0124,Mouse
T0124,Yogurt
T0124,Beer
T0124,Diapers
T0125,Olive Oil
T0125,Chips
T0125,Soda
T0125,Pasta
T0125,Cookies
T0125,Garlic
T0126,Olive Oil
T0126,Butter
T0126,Milk
T0126,Bread
T0126,Pasta
T0126,Garlic
T0127,Sugar
T0127,Olive Oil
T0127,Pasta
T0127,Garlic
T0127,Coffee
T0128,Cereal
T0128,Laptop
T0128,Olive Oil
T0128,Mouse
T0128,Soda
T0128,Pasta
T0128,Beer
T0128,Garlic
T0128,Diapers
T0129,Sugar
T0129,Laptop
T0129,Butter
T0129,Bread
T0129,Mouse
T0129,Coffee
T0130,Mousepad
T0130,Olive Oil
T0130,Laptop
T0130,Mouse
T0130,Pasta
T0131,Sugar
T0131,Mousepad
T0131,Laptop
T0131,Butter
T0131,Olive Oil
T0131,Milk
T0131,Bread
T0131,Mouse
T0131,Pasta
T0131,Tomato Sauce
T0131,Yogurt
T0131,Garlic
T0131,Coffee
T0132,Laptop
T0132,Olive Oil
T0132,Salsa
T0132,Pasta
T0132,Garlic
T0133,Tomato Sauce
T0134,Mousepad
T0134,Laptop
T0134,Butter
T0134,Olive Oil
T0134,Chips
T0134,Mouse
T0134,Milk
T0134,Bread
T0134,Pasta
T0134,Garlic
T0135,Mousepad
T0135,Laptop
T0135,Butter
T0135,Olive Oil
T0135,Mouse
T0135,Milk
T0135,Bread
T0135,Pasta
T0135,Garlic
T0136,Bread
T0136,Coffee
T0136,Butter
T0137,Mousepad
T0138,Olive Oil
T0138,Headphones
T0138,Milk
T0138,Pasta
T0138,Beer
T0138,Apples
T0138,Diapers
T0139,Olive Oil
T0139,Laptop
T0139,Mouse
T0139,Tomato Sauce
T0139,Pasta
T0139,Garlic
T0140,Sugar
T0140,Coffee
T0141,Tea
T0141,Butter
T0141,Milk
T0141,Bread
T0141,Pasta
T0141,Garlic
T0142,Garlic
T0142,Pasta
T0142,Olive Oil
T0143,Olive Oil
T0143,Bananas
T0143,Chips
T0143,Pasta
T0143,Garlic
T0144,Milk
T0144,Sugar
T0144,Coffee
T0145,Mousepad
T0145,Beer
T0145,Diapers
T0146,Sugar
T0146,Olive Oil
T0146,Tea
T0146,Butter
T0146,Pasta
T0146,Garlic
T0146,Coffee
T0146,Keyboard
T0147,Oranges
T0147,Beer
T0147,Diapers
T0148,Coffee
T0148,Sugar
T0148,Diapers
T0149,Sugar
T0149,Olive Oil
T0149,Soda
T0149,Pasta
T0149,Garlic
T0149,Cookies
T0150,Olive Oil
T0151,Mouse
T0151,Mousepad
T0151,Laptop
T0152,Bread
T0152,Diapers
T0152,Butter
T0153,Yogurt
T0153,Oranges
T0153,Beer
T0153,Cheese
T0153,Diapers
T0154,Milk
T0154,Bread
T0154,Butter
T0155,Butter
T0156,Bread
T0156,Headphones
T0156,Butter
T0157,Mousepad
T0157,Laptop
T0157,Butter
T0157,Bananas
T0157,Mouse
T0157,Milk
T0157,Bread
T0158,Olive Oil
T0158,Bread
T0158,Pasta
T0158,Garlic
T0158,Diapers
T0159,Sugar
T0159,Olive Oil
T0159,Butter
T0159,Milk
T0159,Bread
T0159,Pasta
T0159,Garlic
T0159,Coffee
T0160,Mousepad
T0160,Salsa
T0161,Sugar
T0161,Oranges
T0161,Beer
T0161,Coffee
T0161,Diapers
T0162,Mousepad
T0162,Olive Oil
T0162,Laptop
T0162,Mouse
T0162,Bread
T0162,Pasta
T0162,Garlic
T0162,Diapers
T0163,Diapers
T0163,Sugar
T0163,Napkins
T0163,Coffee
T0164,Paper Towels
T0165,Sugar
T0165,Butter
T0165,Eggs
T0165,Bread
T0165,Beer
T0165,Garlic
T0165,Coffee
T0165,Diapers
T0166,Butter
T0166,Bananas
T0166,Milk
T0166,Bread
T0166,Salsa
T0166,Beer
T0166,Diapers
T0167,Mousepad
T0167,Laptop
T0167,Mouse
T0167,Beer
T0167,Diapers
T0168,Sugar
T0168,Butter
T0168,Milk
T0168,Bread
T0168,Beer
T0168,Napkins
T0168,Coffee
T0168,Diapers
T0169,Olive Oil
T0169,Butter
T0169,Milk
T0169,Bread
T0169,Pasta
T0169,Oranges
T0169,Garlic
T0170,Mousepad
T0170,Olive Oil
T0170,Pasta
T0170,Cookies
T0170,Garlic
T0171,Salsa
T0171,Mouse
T0171,Mousepad
T0171,Laptop
T0172,Mousepad
T0172,Olive Oil
T0172,Laptop
T0172,Mouse
T0172,Yogurt
T0172,Pasta
T0172,Garlic
T0173,Pasta
T0174,Mousepad
T0174,Sugar
T0174,Laptop
T0174,Mouse
T0174,Coffee
T0175,Tea
T0175,Beer
T0175,Diapers
T0175,Salsa
T0176,Tea
T0176,Salsa
T0176,Olive Oil
T0177,Mousepad
T0177,Olive Oil
T0177,Laptop
T0177,Mouse
T0177,Pasta
T0177,Garlic
T0178,Bread
T0178,Diapers
T0178,Beer
T0178,Butter
T0179,Eggs
T0179,Butter
T0179,Bread
T0179,Garlic
T0179,Diapers
T0180,Mouse
T0180,Milk
T0180,Bread
T0180,Butter
T0181,Sugar
T0181,Coffee
T0182,Mousepad
T0182,Sugar
T0182,Laptop
T0182,Mouse
T0182,Bread
T0182,Salsa
T0182,Beer
T0182,Diapers
T0183,Beer
T0183,Yogurt
T0183,Diapers
T0184,Mousepad
T0184,Laptop
T0184,Butter
T0184,Mouse
T0184,Milk
T0184,Bread
T0185,Sugar
T0185,Bananas
T0185,Beer
T0185,Coffee
T0185,Diapers
T0186,Sugar
T0186,Olive Oil
T0186,Chips
T0186,Bread
T0186,Pasta
T0186,Beer
T0186,Garlic
T0186,Coffee
T0186,Diapers
T0187,Beer
T0187,Diapers
T0188,Butter
T0188,Milk
T0188,Bread
T0188,Beer
T0188,Diapers
T0189,Butter
T0189,Eggs
T0189,Milk
T0189,Bread
T0189,Beer
T0189,Diapers
T0190,Coffee
T0191,Bananas
T0191,Oranges
T0191,Beer
T0191,Diapers
T0192,Mousepad
T0192,Sugar
T0192,Laptop
T0192,Olive Oil
T0192,Chips
T0192,Mouse
T0192,Coffee
T0193,Beer
T0193,Mouse
T0193,Laptop
T0193,Olive Oil
T0194,Diapers
T0195,Mousepad
T0195,Olive Oil
T0195,Laptop
T0195,Mouse
T0195,Bread
T0195,Pasta
T0195,Oranges
T0195,Garlic
T0196,Cereal
T0196,Tea
T0196,Olive Oil
T0196,Pasta
T0196,Garlic
T0197,Sugar
T0197,Butter
T0197,Milk
T0197,Bread
T0197,Coffee
T0198,Butter
T0198,Milk
T0198,Bread
T0198,Beer
T0198,Diapers
T0199,Olive Oil
T0199,Butter
T0199,Milk
T0199,Bread
T0199,Pasta
T0199,Beer
T0200,Mouse
T0200,Salsa
T0200,Beer
T0200,Garlic
T0200,Diapers
T0201,Milk
T0201,Headphones
T0202,Milk
T0202,Beer
T0202,Diapers
T0203,Milk
T0203,Pasta
T0203,Bread
T0204,Beer
T0204,Napkins
T0204,Diapers
T0204,Soda
T0205,Milk
T0205,Cookies
T0205,Bread
T0205,Butter
T0206,Sugar
T0206,Olive Oil
T0206,Pasta
T0206,Garlic
T0206,Coffee
T0207,Cereal
T0207,Sugar
T0207,Olive Oil
T0207,Soda
T0207,Pasta
T0207,Garlic
T0207,Coffee
T0208,Bananas
T0209,Garlic
T0209,Pasta
T0209,Olive Oil
T0210,Pasta
T0211,Laptop
T0211,Olive Oil
T0211,Yogurt
T0211,Pasta
T0211,Garlic
T0212,Sugar
T0212,Soda
T0212,Coffee
T0212,Eggs
T0213,Mousepad
T0213,Laptop
T0213,Butter
T0213,Olive Oil
T0213,Mouse
T0213,Milk
T0213,Bread
T0213,Pasta
T0214,Cereal
T0214,Mousepad
T0214,Olive Oil
T0214,Laptop
T0214,Chips
T0214,Mouse
T0214,Yogurt
T0214,Pasta
T0214,Garlic
T0215,Olive Oil
T0215,Eggs
T0215,Bread
T0215,Pasta
T0215,Garlic
T0215,Keyboard
T0216,Cereal
T0216,Butter
T0216,Milk
T0216,Bread
T0216,Garlic
T0216,Apples
T0217,Butter
T0217,Milk
T0217,Bread
T0217,Beer
T0217,Napkins
T0217,Diapers
T0218,Bananas
T0218,Beer
T0218,Mousepad
T0219,Milk
T0219,Bread
T0219,Napkins
T0219,Butter
T0220,Bread
T0220,Diapers
T0220,Tea
T0221,Mouse
T0221,Laptop
T0222,Milk
T0222,Bread
T0222,Coffee
T0222,Butter
T0223,Pasta
T0223,Olive Oil
T0224,Beer
T0225,Sugar
T0225,Butter
T0225,Milk
T0225,Bread
T0225,Pasta
T0225,Coffee
T0226,Milk
T0226,Bread
T0226,Diapers
T0226,Butter
T0227,Laptop
T0227,Olive Oil
T0227,Pasta
T0227,Oranges
T0227,Garlic
T0228,Olive Oil
T0228,Salsa
T0228,Pasta
T0228,Garlic
T0228,Diapers
T0229,Olive Oil
T0229,Butter
T0229,Milk
T0229,Bread
T0229,Pasta
T0229,Garlic
T0229,Beer
T0230,Eggs
T0230,Headphones
T0230,Beer
T0230,Cheese
T0230,Diapers
T0231,Mousepad
T0231,Laptop
T0231,Tea
T0231,Chips
T0231,Mouse
T0231,Beer
T0231,Diapers
T0232,Sugar
T0232,Coffee
T0233,Sugar
T0233,Butter
T0233,Bread
T0233,Beer
T0233,Coffee
T0233,Diapers
T0234,Bread
T0234,Butter
T0235,Olive Oil
T0235,Pasta
T0235,Beer
T0235,Garlic
T0235,Diapers
T0236,Sugar
T0236,Mousepad
T0236,Laptop
T0236,Mouse
T0236,Beer
T0236,Coffee
T0236,Diapers
T0237,Salsa
T0238,Beer
T0238,Diapers
T0239,Sugar
T0239,Napkins
T0239,Coffee
T0240,Garlic
T0240,Diapers
T0240,Pasta
T0240,Olive Oil
T0241,Mousepad
T0241,Laptop
T0241,Mouse
T0241,Coffee
T0241,Diapers
T0242,Mousepad
T0242,Olive Oil
T0242,Pasta
T0242,Garlic
T0242,Keyboard
T0242,Apples
T0243,Yogurt
T0243,Cheese
T0243,Diapers
T0243,Tea
T0244,Mouse
T0244,Mousepad
T0244,Laptop
T0245,Butter
T0246,Cheese
T0247,Butter
T0247,Milk
T0247,Bread
T0247,Beer
T0247,Diapers
T0248,Garlic
T0248,Sugar
T0248,Pasta
T0248,Olive Oil
T0249,Butter
T0249,Milk
T0249,Bread
T0249,Salsa
T0249,Beer
T0249,Coffee
T0249,Diapers
T0250,Butter
T0250,Bread
T0250,Salsa
T0250,Beer
T0250,Diapers
T0251,Cheese
T0252,Olive Oil
T0252,Butter
T0252,Milk
T0252,Bread
T0252,Pasta
T0252,Beer
T0252,Garlic
T0252,Diapers
T0253,Cereal
T0253,Olive Oil
T0253,Tea
T0253,Pasta
T0253,Beer
T0253,Garlic
T0253,Diapers
T0254,Bread
T0254,Diapers
T0254,Butter
T0255,Sugar
T0255,Butter
T0255,Milk
T0255,Bread
T0255,Coffee
T0256,Napkins
T0257,Garlic
T0257,Eggs
T0257,Pasta
T0257,Olive Oil
T0258,Bananas
T0258,Beer
T0258,Diapers
T0259,Oranges
T0260,Sugar
T0260,Laptop
T0260,Butter
T0260,Milk
T0260,Bread
T0260,Salsa
T0260,Coffee
T0260,Diapers
T0261,Mousepad
T0261,Laptop
T0261,Butter
T0261,Olive Oil
T0261,Milk
T0261,Bread
T0261,Mouse
T0261,Pasta
T0261,Yogurt
T0261,Beer
T0261,Garlic
T0261,Diapers
T0262,Olive Oil
T0262,Tomato Sauce
T0262,Pasta
T0262,Beer
T0262,Keyboard
T0262,Paper Towels
T0262,Diapers
T0263,Diapers
T0263,Mouse
T0263,Mousepad
T0263,Laptop
T0264,Coffee
T0265,Pasta
T0265,Headphones
T0265,Butter
T0266,Mousepad
T0266,Sugar
T0266,Laptop
T0266,Eggs
T0266,Mouse
T0266,Salsa
T0266,Coffee
T0267,Beer
T0267,Napkins
T0267,Diapers
T0267,Butter
T0268,Chips
T0269,Beer
T0269,Soda
T0269,Diapers
T0269,Bread
T0270,Paper Towels
T0270,Cookies
T0271,Mousepad
T0271,Laptop
T0271,Butter
T0271,Olive Oil
T0271,Mouse
T0271,Milk
T0271,Bread
T0271,Pasta
T0271,Salsa
T0271,Garlic
T0272,Cereal
T0272,Beer
T0272,Napkins
T0273,Mouse
T0273,Mousepad
T0273,Laptop
T0274,Bread
T0274,Coffee
T0274,Sugar
T0274,Butter
T0275,Diapers
T0275,Headphones
T0275,Butter
T0276,Coffee
T0276,Headphones
T0277,Sugar
T0277,Olive Oil
T0277,Butter
T0277,Milk
T0277,Bread
T0277,Pasta
T0277,Garlic
T0277,Coffee
T0278,Sugar
T0278,Olive Oil
T0278,Bread
T0278,Pasta
T0278,Salsa
T0278,Oranges
T0278,Beer
T0278,Garlic
T0278,Coffee
T0278,Diapers
T0279,Sugar
T0279,Mousepad
T0279,Laptop
T0279,Butter
T0279,Chips
T0279,Bread
T0279,Mouse
T0279,Pasta
T0279,Coffee
T0280,Mouse
T0280,Mousepad
T0280,Laptop
T0281,Sugar
T0281,Butter
T0281,Milk
T0281,Bread
T0281,Salsa
T0281,Coffee
T0282,Olive Oil
T0282,Butter
T0282,Milk
T0282,Bread
T0282,Pasta
T0282,Oranges
T0282,Garlic
T0282,Cookies
T0283,Sugar
T0283,Butter
T0283,Milk
T0283,Bread
T0283,Beer
T0283,Coffee
T0283,Keyboard
T0283,Diapers
T0284,Milk
T0284,Bread
T0284,Butter
T0285,Headphones
T0285,Napkins
T0285,Pasta
T0285,Olive Oil
T0286,Mousepad
T0286,Olive Oil
T0286,Laptop
T0286,Mouse
T0286,Tomato Sauce
T0286,Pasta
T0286,Garlic
T0286,Coffee
T0286,Cheese
T0287,Cereal
T0287,Butter
T0287,Milk
T0287,Bread
T0287,Beer
T0287,Diapers
T0288,Tea
T0288,Tomato Sauce
T0288,Beer
T0288,Keyboard
T0288,Diapers
T0289,Mousepad
T0289,Coffee
T0290,Sugar
T0290,Mousepad
T0290,Laptop
T0290,Mouse
T0290,Milk
T0290,Beer
T0290,Coffee
T0290,Apples
T0290,Diapers
T0291,Butter
T0291,Milk
T0291,Bread
T0291,Beer
T0291,Coffee
T0292,Garlic
T0292,Pasta
T0292,Olive Oil
T0293,Cookies
T0293,Yogurt
T0293,Eggs
T0294,Mousepad
T0294,Laptop
T0294,Butter
T0294,Mouse
T0294,Milk
T0294,Bread
T0295,Napkins
T0295,Headphones
T0296,Diapers
T0297,Butter
T0298,Mousepad
T0298,Laptop
T0298,Butter
T0298,Mouse
T0298,Milk
T0298,Bread
T0299,Mouse
T0300,Mousepad
T0300,Sugar
T0300,Laptop
T0300,Olive Oil
T0300,Mouse
T0300,Tomato Sauce
T0300,Coffee
T0301,Mousepad
T0301,Laptop
T0301,Butter
T0301,Mouse
T0301,Milk
T0301,Bread
T0302,Cereal
T0302,Beer
T0302,Milk
T0302,Diapers
T0303,Olive Oil
T0304,Mousepad
T0304,Olive Oil
T0304,Laptop
T0304,Bananas
T0304,Chips
T0304,Mouse
T0304,Pasta
T0304,Garlic
T0305,Milk
T0305,Bread
T0305,Butter
T0306,Olive Oil
T0306,Tomato Sauce
T0306,Pasta
T0306,Garlic
T0306,Diapers
T0307,Milk
T0307,Bread
T0307,Butter
T0308,Mousepad
T0308,Olive Oil
T0308,Laptop
T0308,Mouse
T0308,Pasta
T0308,Garlic
T0309,Cereal
T0309,Diapers
T0310,Diapers
T0310,Garlic
T0310,Coffee
T0310,Eggs
T0311,Mousepad
T0311,Laptop
T0311,Mouse
T0311,Yogurt
T0311,Bread
T0311,Paper Towels
T0312,Beer
T0312,Bread
T0313,Mousepad
T0313,Laptop
T0313,Butter
T0313,Mouse
T0313,Milk
T0313,Bread
T0314,Mousepad
T0314,Laptop
T0314,Mouse
T0314,Bread
T0314,Keyboard
T0315,Mousepad
T0315,Laptop
T0315,Tea
T0315,Mouse
T0315,Beer
T0315,Diapers
T0316,Bread
T0316,Soda
T0316,Butter
T0317,Salsa
T0317,Pasta
T0317,Olive Oil
T0318,Laptop
T0319,Mousepad
T0320,Laptop
T0321,Sugar
T0321,Olive Oil
T0321,Butter
T0321,Bread
T0321,Pasta
T0321,Garlic
T0321,Coffee
T0322,Mousepad
T0322,Laptop
T0322,Mouse
T0322,Beer
T0322,Diapers
T0323,Apples
T0324,Bananas
T0325,Apples
T0326,Sugar
T0326,Laptop
T0326,Eggs
T0326,Mouse
T0326,Salsa
T0326,Beer
T0326,Coffee
T0327,Sugar
T0327,Cheese
T0327,Coffee
T0328,Laptop
T0328,Butter
T0328,Milk
T0328,Bread
T0328,Mouse
T0328,Coffee
T0329,Milk
T0329,Bread
T0329,Napkins
T0330,Headphones
T0330,Butter
T0330,Milk
T0330,Bread
T0330,Coffee
T0331,Mouse
T0331,Mousepad
T0331,Laptop
T0332,Bread
T0332,Cheese
T0332,Butter
T0333,Coffee
T0333,Salsa
T0334,Sugar
T0334,Coffee
T0335,Sugar
T0336,Eggs
T0337,Oranges
T0337,Mousepad
T0338,Cereal
T0338,Mousepad
T0338,Laptop
T0338,Olive Oil
T0338,Mouse
T0338,Cheese
T0339,Diapers
T0339,Sugar
T0339,Coffee
T0340,Sugar
T0340,Laptop
T0340,Mouse
T0340,Bread
T0340,Coffee
T0341,Beer
T0341,Napkins
T0341,Coffee
T0342,Tomato Sauce
T0343,Mousepad
T0343,Olive Oil
T0343,Salsa
T0343,Pasta
T0343,Garlic
T0344,Mouse
T0344,Sugar
T0344,Laptop
T0344,Eggs
T0345,Beer
T0345,Diapers
T0345,Eggs
T0346,Diapers
T0347,Laptop
T0347,Chips
T0347,Mouse
T0347,Cheese
T0347,Diapers
T0348,Salsa
T0349,Sugar
T0349,Mousepad
T0349,Laptop
T0349,Butter
T0349,Milk
T0349,Bread
T0349,Mouse
T0349,Napkins
T0349,Coffee
T0349,Diapers
T0350,Sugar
T0350,Yogurt
T0350,Cookies
T0350,Beer
T0350,Coffee
T0351,Coffee
T0351,Butter
T0352,Coffee
T0352,Diapers
T0353,Apples
T0354,Apples
T0354,Garlic
T0354,Pasta
T0354,Olive Oil
T0355,Cereal
T0355,Mousepad
T0355,Laptop
T0355,Mouse
T0355,Apples
T0355,Diapers
T0356,Tea
T0356,Garlic
T0356,Pasta
T0356,Olive Oil
T0357,Sugar
T0357,Butter
T0357,Milk
T0357,Bread
T0357,Beer
T0357,Coffee
T0357,Diapers
T0358,Olive Oil
T0358,Butter
T0358,Milk
T0358,Bread
T0358,Pasta
T0358,Beer
T0358,Garlic
T0358,Diapers
T0359,Olive Oil
T0359,Butter
T0359,Milk
T0359,Bread
T0359,Pasta
T0359,Garlic
T0359,Coffee
T0359,Keyboard
T0360,Butter
T0360,Milk
T0360,Bread
T0360,Garlic
T0360,Cheese
T0361,Cereal
T0361,Milk
T0361,Bread
T0361,Butter
T0362,Cereal
T0362,Milk
T0362,Bread
T0362,Butter
T0363,Milk
T0363,Pasta
T0363,Beer
T0363,Coffee
T0363,Diapers
T0364,Sugar
T0364,Coffee
T0364,Tea
T0364,Butter
T0365,Diapers
T0366,Bananas
T0366,Mouse
T0366,Sugar
T0367,Olive Oil
T0367,Pasta
T0367,Beer
T0367,Garlic
T0367,Napkins
T0367,Diapers
T0368,Mousepad
T0368,Laptop
T0368,Olive Oil
T0368,Mouse
T0368,Pasta
T0368,Beer
T0368,Garlic
T0368,Diapers
T0369,Olive Oil
T0369,Butter
T0369,Milk
T0369,Bread
T0369,Pasta
T0370,Milk
T0370,Bread
T0370,Butter
T0371,Mousepad
T0371,Sugar
T0371,Laptop
T0371,Olive Oil
T0371,Headphones
T0371,Mouse
T0371,Pasta
T0371,Oranges
T0371,Coffee
T0372,Sugar
T0372,Mousepad
T0372,Laptop
T0372,Olive Oil
T0372,Tea
T0372,Mouse
T0372,Pasta
T0372,Salsa
T0372,Beer
T0372,Coffee
T0372,Diapers
T0373,Bread
T0373,Cheese
T0373,Beer
T0373,Butter
T0374,Sugar
T0374,Butter
T0374,Milk
T0374,Bread
T0374,Salsa
T0374,Beer
T0374,Coffee
T0374,Diapers
T0375,Sugar
T0375,Mousepad
T0375,Laptop
T0375,Butter
T0375,Milk
T0375,Bread
T0375,Mouse
T0375,Garlic
T0375,Coffee
T0376,Mousepad
T0376,Sugar
T0376,Laptop
T0376,Olive Oil
T0376,Mouse
T0376,Pasta
T0376,Coffee
T0376,Diapers
T0377,Tea
T0377,Butter
T0377,Milk
T0377,Bread
T0377,Oranges
T0378,Paper Towels
T0378,Mouse
T0378,Mousepad
T0378,Laptop
T0379,Sugar
T0379,Mousepad
T0379,Laptop
T0379,Mouse
T0379,Tomato Sauce
T0379,Beer
T0379,Coffee
T0379,Diapers
T0380,Beer
T0380,Sugar
T0380,Laptop
T0381,Yogurt
T0382,Mousepad
T0382,Laptop
T0382,Mouse
T0382,Bread
T0382,Coffee
T0382,Paper Towels
T0383,Mousepad
T0384,Sugar
T0384,Coffee
T0385,Salsa
T0386,Mousepad
T0386,Laptop
T0386,Butter
T0386,Milk
T0386,Bread
T0386,Mouse
T0386,Beer
T0386,Diapers
T0387,Keyboard
T0387,Tomato Sauce
T0388,Oranges
T0388,Cheese
T0388,Butter
T0389,Bananas
T0389,Diapers
T0389,Laptop
T0390,Olive Oil
T0390,Pasta
T0390,Oranges
T0390,Cookies
T0390,Garlic
T0391,Olive Oil
T0391,Mouse
T0391,Pasta
T0391,Beer
T0391,Garlic
T0391,Apples
T0391,Diapers
T0392,Bread
T0392,Cheese
T0392,Butter
T0393,Mousepad
T0393,Sugar
T0393,Laptop
T0393,Mouse
T0393,Soda
T0393,Coffee
T0394,Cookies
T0394,Bread
T0394,Keyboard
T0395,Mousepad
T0395,Laptop
T0395,Mouse
T0395,Beer
T0395,Diapers
T0396,Garlic
T0396,Coffee
T0396,Pasta
T0396,Olive Oil
T0397,Mousepad
T0397,Laptop
T0397,Mouse
T0397,Beer
T0397,Diapers
T0398,Tea
T0398,Mouse
T0398,Yogurt
T0398,Beer
T0398,Diapers
T0399,Butter
T0399,Milk
T0399,Bread
T0399,Yogurt
T0399,Keyboard
T0400,Butter
T0400,Bread
T0400,Salsa
T0400,Oranges
T0400,Beer
T0400,Diapers
T0401,Olive Oil
T0401,Tea
T0401,Bananas
T0401,Pasta
T0401,Beer
T0401,Garlic
T0401,Apples
T0401,Diapers
T0402,Sugar
T0403,Garlic
T0403,Pasta
T0403,Olive Oil
T0404,Sugar
T0404,Olive Oil
T0404,Pasta
T0404,Oranges
T0404,Beer
T0404,Coffee
T0404,Diapers
T0405,Sugar
T0405,Laptop
T0405,Butter
T0405,Mouse
T0405,Beer
T0405,Coffee
T0406,Mousepad
T0406,Cheese
T0406,Salsa
T0407,Laptop
T0407,Olive Oil
T0407,Mouse
T0407,Pasta
T0407,Beer
T0407,Garlic
T0407,Apples
T0407,Diapers
T0408,Cereal
T0408,Olive Oil
T0408,Butter
T0408,Milk
T0408,Bread
T0408,Pasta
T0408,Beer
T0408,Garlic
T0408,Diapers
T0409,Mouse
T0409,Napkins
T0409,Mousepad
T0409,Laptop
T0410,Chips
T0410,Tea
T0411,Beer
T0411,Diapers
T0412,Butter
T0412,Bananas
T0412,Bread
T0412,Beer
T0412,Diapers
T0413,Butter
T0413,Milk
T0413,Bread
T0413,Coffee
T0413,Keyboard
T0414,Mousepad
T0414,Laptop
T0414,Mouse
T0414,Bread
T0414,Soda
T0414,Paper Towels
T0415,Sugar
T0415,Beer
T0415,Coffee
T0415,Apples
T0415,Diapers
T0416,Sugar
T0416,Napkins
T0416,Coffee
T0417,Beer
T0417,Diapers
T0417,Headphones
T0418,Olive Oil
T0418,Soda
T0418,Pasta
T0418,Beer
T0418,Garlic
T0418,Coffee
T0418,Diapers
T0419,Yogurt
T0419,Headphones
T0420,Olive Oil
T0420,Butter
T0420,Milk
T0420,Bread
T0420,Tomato Sauce
T0420,Pasta
T0420,Garlic
T0421,Chips
T0421,Cheese
T0422,Laptop
T0422,Olive Oil
T0422,Chips
T0422,Pasta
T0422,Garlic
T0423,Mousepad
T0423,Laptop
T0423,Butter
T0423,Mouse
T0423,Milk
T0423,Bread
T0423,Coffee
T0423,Diapers
T0424,Mousepad
T0424,Laptop
T0424,Butter
T0424,Mouse
T0424,Milk
T0424,Bread
T0425,Tea
T0426,Butter
T0426,Milk
T0426,Bread
T0426,Beer
T0426,Paper Towels
T0426,Diapers
T0427,Milk
T0427,Bread
T0427,Laptop
T0427,Butter
T0428,Paper Towels
T0429,Mousepad
T0429,Milk
T0429,Beer
T0429,Diapers
T0430,Mousepad
T0430,Cookies
T0430,Sugar
T0430,Coffee
T0431,Bananas
T0431,Cereal
T0431,Bread
T0432,Bananas
T0432,Napkins
T0432,Coffee
T0433,Mousepad
T0434,Mousepad
T0434,Laptop
T0434,Mouse
T0434,Beer
T0434,Diapers
T0435,Laptop
T0435,Butter
T0435,Milk
T0435,Bread
T0435,Pasta
T0436,Mouse
T0436,Beer
T0436,Eggs
T0437,Sugar
T0437,Olive Oil
T0437,Soda
T0437,Salsa
T0437,Coffee
T0438,Milk
T0438,Bread
T0438,Beer
T0438,Butter
T0439,Cookies
T0439,Paper Towels
T0439,Bread
T0440,Olive Oil
T0440,Butter
T0440,Chips
T0440,Milk
T0440,Bread
T0440,Pasta
T0440,Beer
T0440,Garlic
T0440,Diapers
T0441,Napkins
T0442,Beer
T0442,Soda
T0442,Butter
T0443,Milk
T0443,Yogurt
T0443,Pasta
T0443,Olive Oil
T0444,Butter
T0444,Chips
T0444,Milk
T0444,Bread
T0444,Salsa
T0444,Paper Towels
T0444,Diapers
T0445,Sugar
T0445,Coffee
T0446,Cereal
T0446,Sugar
T0446,Mousepad
T0446,Laptop
T0446,Butter
T0446,Milk
T0446,Bread
T0446,Mouse
T0446,Pasta
T0446,Oranges
T0446,Coffee
T0447,Tomato Sauce
T0448,Olive Oil
T0448,Bread
T0448,Pasta
T0448,Oranges
T0448,Beer
T0448,Garlic
T0448,Diapers
T0449,Garlic
T0449,Pasta
T0449,Olive Oil
T0450,Mouse
T0450,Mousepad
T0450,Laptop
T0451,Sugar
T0451,Pasta
T0451,Cookies
T0451,Garlic
T0451,Coffee
T0452,Olive Oil
T0453,Bread
T0454,Sugar
T0454,Olive Oil
T0454,Soda
T0454,Oranges
T0454,Coffee
T0455,Cereal
T0455,Sugar
T0455,Mousepad
T0455,Laptop
T0455,Olive Oil
T0455,Mouse
T0455,Pasta
T0455,Oranges
T0455,Beer
T0455,Garlic
T0455,Coffee
T0455,Cheese
T0455,Diapers
T0456,Salsa
T0457,Beer
T0457,Diapers
T0457,Pasta
T0457,Olive Oil
T0458,Garlic
T0458,Diapers
T0458,Olive Oil
T0459,Beer
T0459,Diapers
T0460,Mousepad
T0460,Sugar
T0460,Laptop
T0460,Olive Oil
T0460,Mouse
T0460,Pasta
T0460,Garlic
T0460,Coffee
T0461,Sugar
T0461,Olive Oil
T0461,Laptop
T0461,Tea
T0461,Chips
T0461,Pasta
T0461,Garlic
T0461,Coffee
T0462,Keyboard
T0462,Soda
T0463,Coffee
T0463,Mouse
T0463,Mousepad
T0463,Laptop
T0464,Keyboard
T0464,Coffee
T0464,Yogurt
T0464,Diapers
T0465,Mousepad
T0465,Sugar
T0465,Laptop
T0465,Chips
T0465,Mouse
T0465,Beer
T0465,Coffee
T0466,Bread
T0466,Garlic
T0466,Pasta
T0466,Olive Oil
T0467,Sugar
T0467,Coffee
T0467,Pasta
T0467,Olive Oil
T0468,Olive Oil
T0468,Soda
T0468,Salsa
T0468,Pasta
T0468,Garlic
T0468,Coffee
T0468,Apples
T0469,Cereal
T0469,Oranges
T0469,Mousepad
T0469,Coffee
T0470,Mousepad
T0470,Olive Oil
T0470,Laptop
T0470,Mouse
T0470,Pasta
T0470,Garlic
T0471,Bananas
T0471,Cookies
T0471,Cheese
T0471,Coffee
T0472,Sugar
T0472,Olive Oil
T0472,Soda
T0472,Salsa
T0472,Coffee
T0473,Olive Oil
T0473,Yogurt
T0473,Pasta
T0473,Garlic
T0473,Diapers
T0474,Mousepad
T0474,Laptop
T0474,Butter
T0474,Mouse
T0474,Milk
T0474,Bread
T0475,Olive Oil
T0476,Mousepad
T0476,Laptop
T0476,Butter
T0476,Mouse
T0476,Cookies
T0477,Apples
T0477,Paper Towels
T0477,Coffee
T0477,Butter
T0478,Coffee
T0479,Sugar
T0479,Coffee
T0480,Salsa
T0481,Diapers
T0481,Tea
T0481,Headphones
T0482,Yogurt
T0482,Salsa
T0482,Headphones
T0483,Mousepad
T0483,Sugar
T0483,Laptop
T0483,Olive Oil
T0483,Mouse
T0483,Pasta
T0483,Salsa
T0483,Garlic
T0483,Coffee
T0484,Bananas
T0484,Milk
T0484,Bread
T0484,Butter
T0485,Tomato Sauce
T0485,Beer
T0485,Diapers
T0486,Chips
T0487,Mousepad
T0487,Laptop
T0487,Butter
T0487,Milk
T0487,Bread
T0487,Mouse
T0487,Tomato Sauce
T0487,Diapers
T0488,Oranges
T0488,Salsa
T0488,Pasta
T0489,Beer
T0489,Diapers
T0490,Milk
T0490,Keyboard
T0490,Bread
T0491,Mouse
T0491,Mousepad
T0491,Laptop
T0492,Mousepad
T0492,Laptop
T0492,Bananas
T0492,Mouse
T0492,Pasta
T0493,Keyboard
T0493,Cookies
T0493,Soda
T0494,Mousepad
T0494,Laptop
T0494,Butter
T0494,Mouse
T0494,Bread
T0494,Coffee
T0495,Beer
T0495,Diapers
T0496,Mousepad
T0496,Olive Oil
T0496,Eggs
T0496,Pasta
T0496,Keyboard
T0497,Mousepad
T0497,Olive Oil
T0497,Yogurt
T0497,Pasta
T0497,Garlic
T0498,Garlic
T0498,Diapers
T0498,Pasta
T0498,Olive Oil
T0499,Yogurt
T0499,Pasta
T0499,Olive Oil
T0500,Sugar
T0500,Coffee
T0501,Sugar
T0501,Coffee
T0502,Mousepad
T0502,Laptop
T0502,Headphones
T0502,Mouse
T0502,Beer
T0502,Napkins
T0502,Coffee
T0502,Diapers
T0503,Mousepad
T0503,Olive Oil
T0503,Laptop
T0503,Mouse
T0503,Milk
T0503,Tomato Sauce
T0503,Pasta
T0503,Garlic
T0503,Coffee
T0504,Mouse
T0504,Tomato Sauce
T0505,Milk
T0505,Soda
T0506,Beer
T0506,Diapers
T0506,Bread
T0507,Sugar
T0507,Laptop
T0507,Bananas
T0507,Mouse
T0507,Coffee
T0507,Paper Towels
T0508,Cereal
T0508,Sugar
T0508,Olive Oil
T0508,Laptop
T0508,Mouse
T0508,Milk
T0508,Pasta
T0508,Garlic
T0509,Olive Oil
T0509,Chips
T0509,Tomato Sauce
T0509,Pasta
T0509,Garlic
T0510,Butter
T0510,Milk
T0510,Bread
T0510,Beer
T0510,Coffee
T0510,Diapers
T0511,Olive Oil
T0511,Eggs
T0511,Headphones
T0511,Butter
T0511,Milk
T0511,Bread
T0512,Mousepad
T0512,Laptop
T0512,Butter
T0512,Mouse
T0512,Milk
T0512,Bread
T0513,Garlic
T0513,Pasta
T0513,Headphones
T0514,Milk
T0514,Bread
T0514,Butter
T0515,Headphones
T0515,Butter
T0515,Chips
T0515,Milk
T0515,Bread
T0516,Paper Towels
T0516,Coffee
T0517,Sugar
T0517,Mousepad
T0517,Laptop
T0517,Olive Oil
T0517,Mouse
T0517,Pasta
T0517,Salsa
T0517,Garlic
T0517,Coffee
T0517,Apples
T0517,Diapers
T0518,Beer
T0519,Sugar
T0519,Olive Oil
T0519,Yogurt
T0519,Tomato Sauce
T0519,Pasta
T0519,Beer
T0519,Garlic
T0519,Coffee
T0519,Diapers
T0520,Garlic
T0520,Diapers
T0520,Pasta
T0520,Olive Oil
T0521,Mousepad
T0521,Laptop
T0521,Butter
T0521,Olive Oil
T0521,Milk
T0521,Bread
T0521,Mouse
T0521,Pasta
T0521,Garlic
T0521,Coffee
T0521,Diapers
T0522,Sugar
T0522,Butter
T0522,Milk
T0522,Bread
T0522,Coffee
T0523,Beer
T0523,Diapers
T0524,Beer
T0524,Diapers
T0524,Laptop
T0525,Milk
T0525,Bread
T0525,Butter
T0526,Sugar
T0526,Mousepad
T0526,Laptop
T0526,Butter
T0526,Headphones
T0526,Milk
T0526,Bread
T0526,Mouse
T0526,Coffee
T0527,Bananas
T0527,Tomato Sauce
T0528,Mousepad
T0528,Sugar
T0528,Laptop
T0528,Mouse
T0528,Oranges
T0528,Beer
T0528,Coffee
T0529,Tea
T0530,Garlic
T0530,Pasta
T0530,Olive Oil
T0531,Sugar
T0531,Mousepad
T0532,Yogurt
T0532,Coffee
T0532,Laptop
T0532,Headphones
T0533,Apples
T0533,Cereal
T0533,Diapers
T0534,Olive Oil
T0534,Tomato Sauce
T0534,Pasta
T0534,Garlic
T0534,Paper Towels
T0535,Sugar
T0535,Butter
T0535,Milk
T0535,Bread
T0535,Yogurt
T0535,Coffee
T0536,Mousepad
T0536,Laptop
T0536,Olive Oil
T0536,Mouse
T0536,Yogurt
T0537,Tomato Sauce
T0537,Sugar
T0537,Coffee
T0537,Pasta
T0538,Eggs
T0538,Mouse
T0538,Salsa
T0538,Beer
T0538,Diapers
T0539,Bread
T0539,Diapers
T0539,Beer
T0539,Butter
T0540,Cereal
T0540,Milk
T0540,Bread
T0540,Butter
T0541,Beer
T0541,Diapers
T0542,Laptop
T0542,Mouse
T0542,Soda
T0542,Tomato Sauce
T0542,Beer
T0542,Coffee
T0542,Diapers
T0543,Mouse
T0543,Mousepad
T0543,Laptop
T0544,Mousepad
T0544,Laptop
T0544,Mouse
T0544,Yogurt
T0544,Paper Towels
T0544,Diapers
T0545,Salsa
T0545,Garlic
T0545,Pasta
T0545,Olive Oil
T0546,Keyboard
T0546,Tomato Sauce
T0546,Sugar
T0546,Coffee
T0547,Sugar
T0547,Olive Oil
T0547,Butter
T0547,Milk
T0547,Bread
T0547,Pasta
T0547,Garlic
T0547,Coffee
T0548,Mousepad
T0548,Laptop
T0548,Butter
T0548,Bread
T0548,Mouse
T0548,Yogurt
T0548,Tomato Sauce
T0548,Beer
T0548,Diapers
T0549,Laptop
T0549,Butter
T0549,Bananas
T0549,Milk
T0549,Bread
T0549,Mouse
T0549,Soda
T0549,Beer
T0549,Coffee
T0549,Diapers
T0550,Milk
T0550,Yogurt
T0551,Laptop
T0551,Butter
T0551,Mouse
T0551,Milk
T0551,Bread
T0552,Milk
T0552,Bread
T0552,Butter
T0553,Mousepad
T0553,Laptop
T0553,Butter
T0553,Eggs
T0553,Milk
T0553,Bread
T0553,Mouse
T0553,Coffee
T0553,Paper Towels
T0554,Mousepad
T0554,Olive Oil
T0554,Laptop
T0554,Mouse
T0554,Pasta
T0554,Garlic
T0555,Garlic
T0555,Tea
T0556,Sugar
T0556,Coffee
T0557,Mousepad
T0557,Olive Oil
T0557,Laptop
T0557,Eggs
T0557,Mouse
T0557,Pasta
T0557,Salsa
T0557,Oranges
T0557,Garlic
T0558,Garlic
T0558,Coffee
T0558,Pasta
T0558,Olive Oil
T0559,Pasta
T0559,Olive Oil
T0560,Milk
T0560,Oranges
T0560,Paper Towels
T0560,Diapers
T0561,Cookies
T0561,Mousepad
T0561,Salsa
T0562,Mouse
T0562,Sugar
T0562,Coffee
T0562,Laptop
T0563,Garlic
T0563,Pasta
T0563,Olive Oil
T0564,Sugar
T0564,Mousepad
T0564,Olive Oil
T0564,Bananas
T0564,Pasta
T0564,Garlic
T0564,Beer
T0564,Coffee
T0565,Olive Oil
T0565,Butter
T0565,Milk
T0565,Bread
T0565,Pasta
T0565,Garlic
T0565,Napkins
T0566,Mousepad
T0566,Laptop
T0566,Butter
T0566,Olive Oil
T0566,Mouse
T0566,Milk
T0566,Bread
T0566,Paper Towels
T0567,Butter
T0568,Cereal
T0568,Butter
T0568,Mouse
T0568,Milk
T0568,Bread
T0568,Coffee
T0569,Cereal
T0569,Mousepad
T0569,Olive Oil
T0569,Laptop
T0569,Mouse
T0569,Pasta
T0569,Garlic
T0569,Apples
T0569,Diapers
T0570,Milk
T0571,Mousepad
T0571,Laptop
T0571,Olive Oil
T0571,Headphones
T0571,Mouse
T0571,Apples
T0572,Napkins
T0573,Olive Oil
T0573,Butter
T0573,Bread
T0573,Pasta
T0573,Garlic
T0574,Mousepad
T0574,Sugar
T0574,Laptop
T0574,Olive Oil
T0574,Mouse
T0574,Pasta
T0574,Coffee
T0574,Diapers
T0575,Olive Oil
T0575,Butter
T0575,Milk
T0575,Bread
T0575,Beer
T0575,Diapers
T0576,Mousepad
T0576,Laptop
T0576,Butter
T0576,Mouse
T0576,Bread
T0576,Keyboard
T0576,Cheese
T0577,Sugar
T0577,Mousepad
T0577,Laptop
T0577,Mouse
T0577,Coffee
T0577,Diapers
T0578,Mouse
T0578,Mousepad
T0578,Laptop
T0579,Sugar
T0579,Coffee
T0580,Sugar
T0580,Coffee
T0581,Cereal
T0581,Olive Oil
T0581,Pasta
T0581,Salsa
T0581,Beer
T0581,Garlic
T0581,Diapers
T0582,Sugar
T0582,Butter
T0582,Milk
T0582,Bread
T0582,Yogurt
T0582,Cookies
T0582,Napkins
T0582,Coffee
T0583,Sugar
T0583,Coffee
T0583,Bread
T0584,Bananas
T0585,Mousepad
T0585,Olive Oil
T0585,Laptop
T0585,Tea
T0585,Mouse
T0585,Pasta
T0585,Garlic
T0585,Napkins
T0585,Paper Towels
T0586,Butter
T0586,Milk
T0586,Bread
T0586,Soda
T0586,Mouse
T0586,Tomato Sauce
T0586,Coffee
T0587,Mousepad
T0587,Sugar
T0587,Laptop
T0587,Olive Oil
T0587,Butter
T0587,Mouse
T0587,Tomato Sauce
T0587,Pasta
T0587,Garlic
T0587,Coffee
T0587,Apples
T0588,Sugar
T0588,Olive Oil
T0588,Pasta
T0588,Garlic
T0588,Coffee
T0589,Sugar
T0589,Coffee
T0590,Sugar
T0590,Olive Oil
T0590,Butter
T0590,Milk
T0590,Bread
T0590,Pasta
T0590,Garlic
T0590,Coffee
T0591,Tea
T0591,Butter
T0591,Milk
T0591,Bread
T0591,Beer
T0591,Cookies
T0591,Keyboard
T0591,Diapers
T0592,Garlic
T0593,Mousepad
T0593,Laptop
T0593,Olive Oil
T0593,Mouse
T0593,Pasta
T0593,Beer
T0593,Garlic
T0593,Diapers
T0594,Mousepad
T0594,Laptop
T0594,Mouse
T0594,Beer
T0594,Garlic
T0594,Diapers
T0595,Mousepad
T0595,Soda
T0595,Tomato Sauce
T0596,Mousepad
T0596,Laptop
T0596,Butter
T0596,Bananas
T0596,Milk
T0596,Bread
T0596,Mouse
T0596,Coffee
T0596,Cheese
T0597,Sugar
T0597,Olive Oil
T0597,Pasta
T0597,Beer
T0597,Garlic
T0597,Coffee
T0597,Diapers
T0598,Mousepad
T0598,Sugar
T0598,Laptop
T0598,Mouse
T0598,Coffee
T0599,Sugar
T0599,Mousepad
T0599,Laptop
T0599,Mouse
T0599,Beer
T0599,Napkins
T0599,Coffee
T0599,Diapers
T0600,Olive Oil
T0600,Butter
T0600,Milk
T0600,Bread
T0600,Pasta
T0601,Chips
T0602,Olive Oil
T0602,Butter
T0602,Milk
T0602,Bread
T0602,Pasta
T0602,Beer
T0602,Garlic
T0602,Diapers
T0603,Mousepad
T0603,Laptop
T0603,Butter
T0603,Mouse
T0603,Milk
T0603,Beer
T0603,Cheese
T0603,Diapers
T0604,Mousepad
T0604,Laptop
T0604,Butter
T0604,Tea
T0604,Bananas
T0604,Milk
T0604,Bread
T0604,Mouse
T0604,Oranges
T0604,Beer
T0604,Diapers
T0605,Sugar
T0605,Olive Oil
T0605,Pasta
T0605,Beer
T0605,Garlic
T0605,Diapers
T0606,Mousepad
T0606,Laptop
T0606,Butter
T0606,Olive Oil
T0606,Mouse
T0606,Milk
T0606,Bread
T0606,Pasta
T0606,Soda
T0606,Garlic
T0606,Keyboard
T0606,Paper Towels
T0607,Bread
T0607,Yogurt
T0607,Soda
T0607,Beer
T0607,Diapers
T0608,Sugar
T0608,Butter
T0608,Headphones
T0608,Milk
T0608,Bread
T0608,Pasta
T0608,Oranges
T0608,Coffee
T0609,Beer
T0609,Diapers
T0609,Bread
T0610,Bananas
T0610,Milk
T0610,Soda
T0610,Beer
T0610,Diapers
T0611,Sugar
T0611,Mousepad
T0611,Bread
T0611,Beer
T0611,Coffee
T0611,Apples
T0611,Diapers
T0612,Mousepad
T0612,Sugar
T0612,Laptop
T0612,Olive Oil
T0612,Mouse
T0612,Milk
T0612,Pasta
T0612,Garlic
T0612,Coffee
T0613,Sugar
T0613,Headphones
T0614,Cereal
T0614,Sugar
T0614,Mousepad
T0614,Laptop
T0614,Chips
T0614,Mouse
T0614,Beer
T0614,Coffee
T0614,Diapers
T0615,Garlic
T0615,Pasta
T0615,Olive Oil
T0616,Milk
T0616,Bread
T0616,Diapers
T0616,Butter
T0617,Soda
T0618,Paper Towels
T0619,Oranges
T0619,Beer
T0619,Diapers
T0620,Milk
T0620,Soda
T0621,Mousepad
T0621,Laptop
T0621,Butter
T0621,Olive Oil
T0621,Bananas
T0621,Mouse
T0621,Milk
T0621,Bread
T0621,Pasta
T0622,Cookies
T0622,Tomato Sauce
T0622,Olive Oil
T0623,Diapers
T0624,Mousepad
T0624,Laptop
T0624,Garlic
T0625,Sugar
T0625,Headphones
T0625,Oranges
T0625,Napkins
T0625,Coffee
T0626,Mousepad
T0626,Sugar
T0626,Laptop
T0626,Bananas
T0626,Mouse
T0626,Napkins
T0626,Coffee
T0627,Coffee
T0627,Beer
T0627,Diapers
T0627,Sugar
T0628,Milk
T0628,Bread
T0628,Butter
T0629,Mouse
T0630,Cereal
T0630,Sugar
T0630,Mousepad
T0630,Laptop
T0630,Butter
T0630,Olive Oil
T0630,Milk
T0630,Bread
T0630,Mouse
T0630,Pasta
T0630,Garlic
T0630,Coffee
T0631,Sugar
T0631,Butter
T0631,Milk
T0631,Bread
T0631,Oranges
T0631,Coffee
T0632,Bananas
T0632,Apples
T0632,Sugar
T0633,Mousepad
T0633,Laptop
T0633,Butter
T0633,Mouse
T0633,Bread
T0634,Mousepad
T0634,Diapers
T0635,Olive Oil
T0635,Laptop
T0635,Mouse
T0635,Bread
T0635,Soda
T0635,Pasta
T0635,Garlic
T0636,Bread
T0636,Mousepad
T0636,Butter
T0637,Milk
T0637,Bread
T0637,Butter
T0638,Salsa
T0639,Milk
T0639,Chips
T0639,Bread
T0639,Butter
T0640,Sugar
T0640,Mouse
T0640,Soda
T0640,Napkins
T0640,Coffee
T0641,Mousepad
T0641,Olive Oil
T0641,Laptop
T0641,Mouse
T0641,Pasta
T0641,Garlic
T0642,Mousepad
T0642,Sugar
T0642,Laptop
T0642,Bananas
T0642,Mouse
T0642,Milk
T0642,Coffee
T0643,Laptop
T0643,Butter
T0643,Milk
T0643,Bread
T0643,Cookies
T0643,Keyboard
T0644,Mousepad
T0644,Laptop
T0644,Eggs
T0644,Mouse
T0644,Beer
T0644,Cookies
T0644,Keyboard
T0644,Diapers
T0645,Mouse
T0645,Napkins
T0645,Laptop
T0646,Coffee
T0646,Pasta
T0647,Sugar
T0647,Eggs
T0647,Milk
T0647,Tomato Sauce
T0647,Coffee
T0648,Bananas
T0649,Sugar
T0649,Laptop
T0649,Butter
T0649,Tea
T0649,Milk
T0649,Bread
T0649,Mouse
T0649,Coffee
T0650,Garlic
T0651,Cookies
T0651,Sugar
T0651,Coffee
T0652,Butter
T0652,Milk
T0652,Bread
T0652,Beer
T0652,Diapers
T0653,Bread
T0654,Sugar
T0654,Olive Oil
T0654,Pasta
T0654,Garlic
T0654,Coffee
T0655,Apples
T0656,Sugar
T0656,Eggs
T0656,Coffee
T0656,Headphones
T0657,Olive Oil
T0657,Yogurt
T0657,Pasta
T0657,Beer
T0657,Napkins
T0657,Diapers
T0658,Mousepad
T0658,Laptop
T0658,Mouse
T0658,Soda
T0658,Pasta
T0658,Keyboard
T0659,Olive Oil
T0659,Pasta
T0659,Garlic
T0659,Coffee
T0659,Apples
T0659,Paper Towels
T0660,Mousepad
T0660,Laptop
T0660,Olive Oil
T0660,Mouse
T0660,Pasta
T0660,Beer
T0660,Coffee
T0660,Diapers
T0661,Cereal
T0661,Mousepad
T0661,Sugar
T0661,Laptop
T0661,Eggs
T0661,Mouse
T0661,Pasta
T0661,Coffee
T0662,Mousepad
T0662,Olive Oil
T0662,Eggs
T0662,Mouse
T0662,Pasta
T0662,Garlic
T0663,Cheese
T0663,Butter
T0664,Mouse
T0664,Mousepad
T0664,Laptop
T0665,Cereal
T0665,Olive Oil
T0665,Pasta
T0665,Garlic
T0665,Coffee
T0666,Sugar
T0666,Mousepad
T0666,Laptop
T0666,Mouse
T0666,Beer
T0666,Coffee
T0666,Diapers
T0667,Laptop
T0668,Coffee
T0669,Sugar
T0669,Olive Oil
T0669,Butter
T0669,Bananas
T0669,Milk
T0669,Bread
T0669,Pasta
T0669,Garlic
T0669,Coffee
T0670,Sugar
T0671,Eggs
T0672,Apples
T0672,Mousepad
T0672,Salsa
T0673,Mousepad
T0673,Laptop
T0673,Chips
T0673,Mouse
T0673,Oranges
T0673,Diapers
T0674,Sugar
T0674,Napkins
T0674,Coffee
T0674,Salsa
T0675,Olive Oil
T0675,Bread
T0675,Pasta
T0675,Beer
T0675,Garlic
T0675,Diapers
T0676,Sugar
T0676,Olive Oil
T0676,Pasta
T0676,Garlic
T0676,Coffee
T0677,Sugar
T0677,Yogurt
T0677,Coffee
T0678,Milk
T0678,Bread
T0678,Mousepad
T0678,Butter
T0679,Garlic
T0679,Pasta
T0679,Olive Oil
T0680,Mouse
T0680,Mousepad
T0680,Laptop
T0681,Garlic
T0681,Laptop
T0681,Pasta
T0681,Olive Oil
T0682,Cheese
T0683,Milk
T0683,Coffee
T0683,Sugar
T0683,Headphones
T0684,Diapers
T0685,Cereal
T0685,Mousepad
T0685,Laptop
T0685,Mouse
T0685,Keyboard
T0686,Milk
T0687,Bread
T0687,Coffee
T0688,Diapers
T0688,Eggs
T0689,Mousepad
T0689,Olive Oil
T0689,Laptop
T0689,Mouse
T0689,Bread
T0689,Pasta
T0689,Apples
T0690,Olive Oil
T0690,Salsa
T0690,Pasta
T0690,Garlic
T0690,Napkins
T0690,Diapers
T0691,Olive Oil
T0691,Bread
T0691,Milk
T0691,Pasta
T0691,Garlic
T0692,Beer
T0692,Tomato Sauce
T0692,Headphones
T0693,Keyboard
T0694,Mousepad
T0694,Laptop
T0694,Mouse
T0694,Beer
T0694,Diapers
T0695,Sugar
T0695,Olive Oil
T0695,Pasta
T0695,Garlic
T0695,Coffee
T0695,Keyboard
T0695,Diapers
T0696,Garlic
T0696,Yogurt
T0696,Pasta
T0696,Olive Oil
T0697,Mousepad
T0697,Laptop
T0697,Butter
T0697,Milk
T0697,Bread
T0697,Mouse
T0697,Pasta
T0697,Beer
T0697,Garlic
T0697,Diapers
T0698,Milk
T0698,Mouse
T0698,Soda
T0698,Laptop
T0699,Apples
T0699,Salsa
T0699,Butter
T0700,Sugar
T0700,Olive Oil
T0700,Mouse
T0700,Pasta
T0700,Beer
T0700,Coffee
T0700,Keyboard
T0700,Apples
T0700,Diapers
T0701,Eggs
T0702,Sugar
T0702,Tea
T0702,Butter
T0702,Bread
T0702,Tomato Sauce
T0702,Beer
T0702,Coffee
T0703,Mousepad
T0703,Laptop
T0703,Olive Oil
T0703,Chips
T0703,Mouse
T0703,Pasta
T0703,Beer
T0703,Garlic
T0703,Diapers
T0704,Laptop
T0704,Butter
T0704,Mouse
T0704,Milk
T0704,Bread
T0705,Oranges
T0705,Diapers
T0705,Tea
T0706,Coffee
T0707,Cookies
T0707,Mousepad
T0708,Yogurt
T0708,Tea
T0708,Butter
T0709,Sugar
T0709,Tea
T0710,Mouse
T0710,Salsa
T0710,Beer
T0710,Paper Towels
T0710,Diapers
T0711,Bananas
T0712,Mousepad
T0712,Olive Oil
T0712,Headphones
T0712,Pasta
T0712,Garlic
T0712,Coffee
T0713,Sugar
T0713,Coffee
T0713,Olive Oil
T0713,Pasta
T0714,Sugar
T0714,Butter
T0714,Bananas
T0714,Milk
T0714,Bread
T0714,Coffee
T0715,Garlic
T0715,Coffee
T0715,Salsa
T0716,Milk
T0716,Bread
T0716,Butter
T0717,Mousepad
T0717,Olive Oil
T0717,Laptop
T0717,Mouse
T0717,Pasta
T0717,Garlic
T0717,Paper Towels
T0718,Sugar
T0718,Olive Oil
T0718,Pasta
T0718,Salsa
T0718,Garlic
T0718,Coffee
T0719,Sugar
T0720,Olive Oil
T0720,Pasta
T0720,Oranges
T0720,Beer
T0720,Garlic
T0720,Diapers
T0721,Coffee
T0721,Sugar
T0721,Napkins
T0721,Diapers
T0722,Cereal
T0722,Bread
T0722,Butter
T0723,Mouse
T0723,Mousepad
T0723,Laptop
T0724,Mousepad
T0724,Laptop
T0724,Butter
T0724,Milk
T0724,Bread
T0724,Mouse
T0724,Garlic
T0724,Coffee
T0724,Diapers
T0725,Olive Oil
T0726,Beer
T0726,Diapers
T0727,Tomato Sauce
T0728,Cereal
T0728,Butter
T0728,Bananas
T0728,Milk
T0728,Bread
T0729,Sugar
T0729,Butter
T0729,Milk
T0729,Bread
T0729,Coffee
T0729,Diapers
T0730,Mousepad
T0730,Laptop
T0730,Headphones
T0730,Mouse
T0730,Yogurt
T0731,Sugar
T0731,Olive Oil
T0731,Eggs
T0731,Pasta
T0731,Garlic
T0731,Coffee
T0732,Mousepad
T0732,Sugar
T0732,Laptop
T0732,Mouse
T0732,Milk
T0732,Tomato Sauce
T0733,Coffee
T0734,Paper Towels
T0734,Sugar
T0734,Coffee
T0735,Cereal
T0735,Garlic
T0735,Pasta
T0735,Olive Oil
T0736,Olive Oil
T0736,Butter
T0736,Mouse
T0736,Milk
T0736,Bread
T0737,Sugar
T0737,Olive Oil
T0737,Pasta
T0737,Beer
T0737,Garlic
T0737,Coffee
T0737,Diapers
T0738,Mousepad
T0738,Laptop
T0738,Mouse
T0738,Beer
T0738,Keyboard
T0738,Diapers
T0739,Sugar
T0739,Olive Oil
T0739,Pasta
T0739,Garlic
T0739,Napkins
T0739,Coffee
T0740,Olive Oil
T0740,Butter
T0740,Bread
T0740,Pasta
T0740,Beer
T0740,Garlic
T0740,Diapers
T0741,Laptop
T0742,Laptop
T0742,Butter
T0742,Milk
T0742,Bread
T0742,Soda
T0742,Napkins
T0743,Mousepad
T0743,Sugar
T0743,Laptop
T0743,Mouse
T0743,Coffee
T0744,Garlic
T0744,Mousepad
T0744,Pasta
T0744,Olive Oil
T0745,Sugar
T0745,Olive Oil
T0745,Tomato Sauce
T0745,Pasta
T0745,Beer
T0745,Garlic
T0745,Coffee
T0745,Diapers
T0746,Sugar
T0746,Coffee
T0747,Laptop
T0747,Olive Oil
T0747,Mouse
T0747,Yogurt
T0747,Soda
T0747,Pasta
T0747,Beer
T0747,Garlic
T0747,Diapers
T0748,Milk
T0748,Bread
T0748,Napkins
T0748,Butter
T0749,Mousepad
T0749,Laptop
T0749,Butter
T0749,Olive Oil
T0749,Tea
T0749,Mouse
T0749,Milk
T0749,Bread
T0749,Pasta
T0749,Garlic
T0750,Garlic
T0750,Sugar
T0750,Pasta
T0750,Olive Oil
T0751,Mousepad
T0751,Sugar
T0751,Laptop
T0751,Olive Oil
T0751,Mouse
T0751,Pasta
T0751,Garlic
T0751,Coffee
T0752,Mousepad
T0752,Sugar
T0752,Laptop
T0752,Olive Oil
T0752,Mouse
T0752,Pasta
T0752,Garlic
T0752,Coffee
T0753,Coffee
T0753,Sugar
T0753,Diapers
T0754,Headphones
T0755,Laptop
T0755,Mouse
T0755,Yogurt
T0755,Beer
T0755,Diapers
T0756,Bread
T0756,Beer
T0756,Diapers
T0756,Butter
T0757,Sugar
T0757,Olive Oil
T0757,Tea
T0757,Pasta
T0757,Beer
T0757,Garlic
T0757,Coffee
T0757,Diapers
T0758,Sugar
T0758,Coffee
T0759,Sugar
T0759,Butter
T0759,Milk
T0759,Bread
T0759,Soda
T0759,Coffee
T0759,Apples
T0760,Mousepad
T0760,Olive Oil
T0760,Chips
T0760,Pasta
T0760,Garlic
T0761,Cereal
T0761,Sugar
T0761,Butter
T0761,Milk
T0761,Bread
T0761,Salsa
T0761,Coffee
T0761,Diapers
T0762,Sugar
T0762,Mousepad
T0762,Laptop
T0762,Mouse
T0762,Bread
T0762,Garlic
T0763,Mousepad
T0763,Laptop
T0763,Butter
T0763,Chips
T0763,Mouse
T0764,Butter
T0764,Milk
T0764,Bread
T0764,Soda
T0764,Cookies
T0765,Mouse
T0765,Mousepad
T0765,Laptop
T0766,Mousepad
T0766,Sugar
T0766,Laptop
T0766,Butter
T0766,Olive Oil
T0766,Mouse
T0766,Milk
T0766,Bread
T0767,Tea
T0767,Butter
T0767,Chips
T0767,Milk
T0767,Bread
T0768,Paper Towels
T0768,Coffee
T0768,Bread
T0769,Mousepad
T0769,Olive Oil
T0769,Laptop
T0769,Mouse
T0769,Pasta
T0769,Garlic
T0770,Cereal
T0770,Sugar
T0770,Coffee
T0771,Sugar
T0771,Laptop
T0771,Olive Oil
T0771,Pasta
T0771,Cheese
T0772,Olive Oil
T0772,Pasta
T0772,Beer
T0772,Garlic
T0772,Diapers
T0773,Sugar
T0773,Butter
T0773,Milk
T0773,Bread
T0773,Salsa
T0773,Coffee
T0773,Apples
T0774,Chips
T0774,Tomato Sauce
T0775,Garlic
T0775,Eggs
T0775,Pasta
T0775,Olive Oil
T0776,Beer
T0776,Diapers
T0777,Apples
T0777,Soda
T0777,Coffee
T0778,Chips
T0778,Pasta
T0778,Olive Oil
T0779,Eggs
T0779,Headphones
T0779,Butter
T0779,Milk
T0779,Bread
T0779,Cheese
T0780,Garlic
T0780,Pasta
T0780,Olive Oil
T0781,Oranges
T0781,Garlic
T0781,Pasta
T0781,Olive Oil
T0782,Sugar
T0782,Butter
T0782,Eggs
T0782,Milk
T0782,Bread
T0782,Coffee
T0783,Garlic
T0783,Pasta
T0783,Olive Oil
T0784,Cookies
T0785,Cereal
T0785,Sugar
T0785,Coffee
T0785,Olive Oil
T0786,Olive Oil
T0786,Pasta
T0786,Beer
T0786,Garlic
T0786,Diapers
T0787,Sugar
T0787,Mousepad
T0787,Laptop
T0787,Butter
T0787,Eggs
T0787,Bread
T0787,Mouse
T0787,Coffee
T0787,Keyboard
T0788,Beer
T0788,Diapers
T0789,Paper Towels
T0789,Beer
T0789,Napkins
T0790,Mousepad
T0790,Laptop
T0790,Butter
T0790,Olive Oil
T0790,Tea
T0790,Eggs
T0790,Milk
T0790,Bread
T0790,Mouse
T0790,Pasta
T0790,Beer
T0790,Garlic
T0790,Diapers
T0791,Garlic
T0791,Pasta
T0791,Olive Oil
T0792,Cereal
T0792,Cheese
T0792,Diapers
T0793,Tea
T0793,Butter
T0793,Milk
T0793,Bread
T0793,Apples
T0793,Diapers
T0794,Apples
T0794,Diapers
T0794,Pasta
T0794,Cereal
T0795,Milk
T0796,Sugar
T0796,Mousepad
T0796,Laptop
T0796,Olive Oil
T0796,Mouse
T0796,Bread
T0796,Pasta
T0796,Oranges
T0796,Beer
T0796,Garlic
T0796,Coffee
T0796,Diapers
T0797,Oranges
T0797,Eggs
T0798,Beer
T0798,Mouse
T0798,Mousepad
T0798,Laptop
T0799,Mousepad
T0799,Olive Oil
T0799,Laptop
T0799,Tea
T0799,Mouse
T0799,Pasta
T0799,Garlic
T0799,Beer
T0800,Beer
